image_name,filter_type,filter_name,kernel_size,padding,runtime,file_name
NZjers1,magnitude,gaussian,3,constant,-1,./results/edge/NZjers1/gaussian/magnitude/3-constant-DIwvCaIB.png
NZjers1,direction,gaussian,3,constant,-1,./results/edge/NZjers1/gaussian/direction/3-constant-ZQaHWOXN.png
NZjers1,combined,gaussian,3,constant,-1,./results/edge/NZjers1/gaussian/combined/3-constant-joQxNyiH.png
NZjers1,magnitude,gaussian,5,constant,-1,./results/edge/NZjers1/gaussian/magnitude/5-constant-HtjhWKcw.png
NZjers1,direction,gaussian,5,constant,-1,./results/edge/NZjers1/gaussian/direction/5-constant-QFtQQBtj.png
NZjers1,combined,gaussian,5,constant,-1,./results/edge/NZjers1/gaussian/combined/5-constant-VGyRgDor.png
NZjers1,magnitude,gaussian,7,constant,-1,./results/edge/NZjers1/gaussian/magnitude/7-constant-CrdGCIYh.png
NZjers1,direction,gaussian,7,constant,-1,./results/edge/NZjers1/gaussian/direction/7-constant-vlSzSpCF.png
NZjers1,combined,gaussian,7,constant,-1,./results/edge/NZjers1/gaussian/combined/7-constant-EtEAwkUd.png
NZjers1,magnitude,gaussian,9,constant,-1,./results/edge/NZjers1/gaussian/magnitude/9-constant-uKHOEoLJ.png
NZjers1,direction,gaussian,9,constant,-1,./results/edge/NZjers1/gaussian/direction/9-constant-zhoaWwNU.png
NZjers1,combined,gaussian,9,constant,-1,./results/edge/NZjers1/gaussian/combined/9-constant-RDdlLWFa.png
NZjers1,magnitude,gaussian,11,constant,-1,./results/edge/NZjers1/gaussian/magnitude/11-constant-BdzrKYKB.png
NZjers1,direction,gaussian,11,constant,-1,./results/edge/NZjers1/gaussian/direction/11-constant-IuPcxEwk.png
NZjers1,combined,gaussian,11,constant,-1,./results/edge/NZjers1/gaussian/combined/11-constant-kZcCOGtN.png
NZjers1,magnitude,gaussian,13,constant,-1,./results/edge/NZjers1/gaussian/magnitude/13-constant-amGRfzmP.png
NZjers1,direction,gaussian,13,constant,-1,./results/edge/NZjers1/gaussian/direction/13-constant-cPifTOlO.png
NZjers1,combined,gaussian,13,constant,-1,./results/edge/NZjers1/gaussian/combined/13-constant-VmKOQRkl.png
NZjers1,magnitude,gaussian,15,constant,-1,./results/edge/NZjers1/gaussian/magnitude/15-constant-ABPBAfmb.png
NZjers1,direction,gaussian,15,constant,-1,./results/edge/NZjers1/gaussian/direction/15-constant-frFVNOjn.png
NZjers1,combined,gaussian,15,constant,-1,./results/edge/NZjers1/gaussian/combined/15-constant-cwgcwTKv.png
NZjers1,magnitude,box,3,constant,-1,./results/edge/NZjers1/box/magnitude/3-constant-LGShtoCw.png
NZjers1,direction,box,3,constant,-1,./results/edge/NZjers1/box/direction/3-constant-IlgqUVxI.png
NZjers1,combined,box,3,constant,-1,./results/edge/NZjers1/box/combined/3-constant-DZXQSNgQ.png
NZjers1,magnitude,box,5,constant,-1,./results/edge/NZjers1/box/magnitude/5-constant-wRqhiSSa.png
NZjers1,direction,box,5,constant,-1,./results/edge/NZjers1/box/direction/5-constant-HhJjPsZO.png
NZjers1,combined,box,5,constant,-1,./results/edge/NZjers1/box/combined/5-constant-azcChxfT.png
NZjers1,magnitude,box,7,constant,-1,./results/edge/NZjers1/box/magnitude/7-constant-dOgLJZDK.png
NZjers1,direction,box,7,constant,-1,./results/edge/NZjers1/box/direction/7-constant-vRTpLpyM.png
NZjers1,combined,box,7,constant,-1,./results/edge/NZjers1/box/combined/7-constant-gujMdFRR.png
NZjers1,magnitude,box,9,constant,-1,./results/edge/NZjers1/box/magnitude/9-constant-FEDYGyKN.png
NZjers1,direction,box,9,constant,-1,./results/edge/NZjers1/box/direction/9-constant-HoQiNWIq.png
NZjers1,combined,box,9,constant,-1,./results/edge/NZjers1/box/combined/9-constant-swwMTtiq.png
NZjers1,magnitude,box,11,constant,-1,./results/edge/NZjers1/box/magnitude/11-constant-gvpYKaTS.png
NZjers1,direction,box,11,constant,-1,./results/edge/NZjers1/box/direction/11-constant-ajWrGpUF.png
NZjers1,combined,box,11,constant,-1,./results/edge/NZjers1/box/combined/11-constant-bXPAKwTo.png
NZjers1,magnitude,box,13,constant,-1,./results/edge/NZjers1/box/magnitude/13-constant-mYivyEFS.png
NZjers1,direction,box,13,constant,-1,./results/edge/NZjers1/box/direction/13-constant-eTZHPcsj.png
NZjers1,combined,box,13,constant,-1,./results/edge/NZjers1/box/combined/13-constant-LDpIRgcV.png
NZjers1,magnitude,box,15,constant,-1,./results/edge/NZjers1/box/magnitude/15-constant-rPSNTkWl.png
NZjers1,direction,box,15,constant,-1,./results/edge/NZjers1/box/direction/15-constant-wUOloMDQ.png
NZjers1,combined,box,15,constant,-1,./results/edge/NZjers1/box/combined/15-constant-suaFhEKU.png
NZjers1,magnitude,butterworth_low_pass,3,constant,-1,./results/edge/NZjers1/butterworth_low_pass/magnitude/3-constant-hSQFsjWm.png
NZjers1,direction,butterworth_low_pass,3,constant,-1,./results/edge/NZjers1/butterworth_low_pass/direction/3-constant-BjlkoQAP.png
NZjers1,combined,butterworth_low_pass,3,constant,-1,./results/edge/NZjers1/butterworth_low_pass/combined/3-constant-qRPpMJiZ.png
NZjers1,magnitude,butterworth_low_pass,5,constant,-1,./results/edge/NZjers1/butterworth_low_pass/magnitude/5-constant-NLzmaQWK.png
NZjers1,direction,butterworth_low_pass,5,constant,-1,./results/edge/NZjers1/butterworth_low_pass/direction/5-constant-ngsoZKKu.png
NZjers1,combined,butterworth_low_pass,5,constant,-1,./results/edge/NZjers1/butterworth_low_pass/combined/5-constant-JUguyWQr.png
NZjers1,magnitude,butterworth_low_pass,7,constant,-1,./results/edge/NZjers1/butterworth_low_pass/magnitude/7-constant-tKidALTp.png
NZjers1,direction,butterworth_low_pass,7,constant,-1,./results/edge/NZjers1/butterworth_low_pass/direction/7-constant-nXMPzLku.png
NZjers1,combined,butterworth_low_pass,7,constant,-1,./results/edge/NZjers1/butterworth_low_pass/combined/7-constant-UgMjIZBU.png
NZjers1,magnitude,butterworth_low_pass,9,constant,-1,./results/edge/NZjers1/butterworth_low_pass/magnitude/9-constant-pxtOVdIx.png
NZjers1,direction,butterworth_low_pass,9,constant,-1,./results/edge/NZjers1/butterworth_low_pass/direction/9-constant-QtNfyjaf.png
NZjers1,combined,butterworth_low_pass,9,constant,-1,./results/edge/NZjers1/butterworth_low_pass/combined/9-constant-KXkKKlFs.png
NZjers1,magnitude,butterworth_low_pass,11,constant,-1,./results/edge/NZjers1/butterworth_low_pass/magnitude/11-constant-lYTLNuAk.png
NZjers1,direction,butterworth_low_pass,11,constant,-1,./results/edge/NZjers1/butterworth_low_pass/direction/11-constant-LESmLNTQ.png
NZjers1,combined,butterworth_low_pass,11,constant,-1,./results/edge/NZjers1/butterworth_low_pass/combined/11-constant-yPTacnwr.png
NZjers1,magnitude,butterworth_low_pass,13,constant,-1,./results/edge/NZjers1/butterworth_low_pass/magnitude/13-constant-XaXueNLY.png
NZjers1,direction,butterworth_low_pass,13,constant,-1,./results/edge/NZjers1/butterworth_low_pass/direction/13-constant-FdtxTcpw.png
NZjers1,combined,butterworth_low_pass,13,constant,-1,./results/edge/NZjers1/butterworth_low_pass/combined/13-constant-EtxoLgCM.png
NZjers1,magnitude,butterworth_low_pass,15,constant,-1,./results/edge/NZjers1/butterworth_low_pass/magnitude/15-constant-SXpWpVbw.png
NZjers1,direction,butterworth_low_pass,15,constant,-1,./results/edge/NZjers1/butterworth_low_pass/direction/15-constant-lnjbSWvo.png
NZjers1,combined,butterworth_low_pass,15,constant,-1,./results/edge/NZjers1/butterworth_low_pass/combined/15-constant-vETTJBSZ.png
NZjers1,magnitude,low_pass,3,constant,-1,./results/edge/NZjers1/low_pass/magnitude/3-constant-uHYhsUOz.png
NZjers1,direction,low_pass,3,constant,-1,./results/edge/NZjers1/low_pass/direction/3-constant-vDtyUlNg.png
NZjers1,combined,low_pass,3,constant,-1,./results/edge/NZjers1/low_pass/combined/3-constant-HHhXVGYY.png
NZjers1,magnitude,low_pass,5,constant,-1,./results/edge/NZjers1/low_pass/magnitude/5-constant-rjIDhZEy.png
NZjers1,direction,low_pass,5,constant,-1,./results/edge/NZjers1/low_pass/direction/5-constant-erYKhlsQ.png
NZjers1,combined,low_pass,5,constant,-1,./results/edge/NZjers1/low_pass/combined/5-constant-zqiSSbzX.png
NZjers1,magnitude,low_pass,7,constant,-1,./results/edge/NZjers1/low_pass/magnitude/7-constant-DfeWECKe.png
NZjers1,direction,low_pass,7,constant,-1,./results/edge/NZjers1/low_pass/direction/7-constant-ONKkjwVz.png
NZjers1,combined,low_pass,7,constant,-1,./results/edge/NZjers1/low_pass/combined/7-constant-KGkCWAnX.png
NZjers1,magnitude,low_pass,9,constant,-1,./results/edge/NZjers1/low_pass/magnitude/9-constant-AhqwCiim.png
NZjers1,direction,low_pass,9,constant,-1,./results/edge/NZjers1/low_pass/direction/9-constant-zqUtHJxU.png
NZjers1,combined,low_pass,9,constant,-1,./results/edge/NZjers1/low_pass/combined/9-constant-MhrOnwjD.png
NZjers1,magnitude,low_pass,11,constant,-1,./results/edge/NZjers1/low_pass/magnitude/11-constant-AYuALxEE.png
NZjers1,direction,low_pass,11,constant,-1,./results/edge/NZjers1/low_pass/direction/11-constant-WpTYNnoh.png
NZjers1,combined,low_pass,11,constant,-1,./results/edge/NZjers1/low_pass/combined/11-constant-pweFnvhf.png
NZjers1,magnitude,low_pass,13,constant,-1,./results/edge/NZjers1/low_pass/magnitude/13-constant-oVIsbmXe.png
NZjers1,direction,low_pass,13,constant,-1,./results/edge/NZjers1/low_pass/direction/13-constant-QIafxvkI.png
NZjers1,combined,low_pass,13,constant,-1,./results/edge/NZjers1/low_pass/combined/13-constant-diyNLDBm.png
NZjers1,magnitude,low_pass,15,constant,-1,./results/edge/NZjers1/low_pass/magnitude/15-constant-daeKlOmW.png
NZjers1,direction,low_pass,15,constant,-1,./results/edge/NZjers1/low_pass/direction/15-constant-njOUkYvw.png
NZjers1,combined,low_pass,15,constant,-1,./results/edge/NZjers1/low_pass/combined/15-constant-HYMkFFLl.png
NZjers1,magnitude,geometric_mean,3,constant,-1,./results/edge/NZjers1/geometric_mean/magnitude/3-constant-sPopNzeQ.png
NZjers1,direction,geometric_mean,3,constant,-1,./results/edge/NZjers1/geometric_mean/direction/3-constant-Euozwafr.png
NZjers1,combined,geometric_mean,3,constant,-1,./results/edge/NZjers1/geometric_mean/combined/3-constant-yeRzmBbM.png
NZjers1,magnitude,geometric_mean,5,constant,-1,./results/edge/NZjers1/geometric_mean/magnitude/5-constant-LhXAMhyY.png
NZjers1,direction,geometric_mean,5,constant,-1,./results/edge/NZjers1/geometric_mean/direction/5-constant-eIqKhHYB.png
NZjers1,combined,geometric_mean,5,constant,-1,./results/edge/NZjers1/geometric_mean/combined/5-constant-ppFlwKft.png
NZjers1,magnitude,geometric_mean,7,constant,-1,./results/edge/NZjers1/geometric_mean/magnitude/7-constant-AVhIQHUn.png
NZjers1,direction,geometric_mean,7,constant,-1,./results/edge/NZjers1/geometric_mean/direction/7-constant-uqGwenmQ.png
NZjers1,combined,geometric_mean,7,constant,-1,./results/edge/NZjers1/geometric_mean/combined/7-constant-eqzBAFZx.png
NZjers1,magnitude,geometric_mean,9,constant,-1,./results/edge/NZjers1/geometric_mean/magnitude/9-constant-JVcSqgAh.png
NZjers1,direction,geometric_mean,9,constant,-1,./results/edge/NZjers1/geometric_mean/direction/9-constant-tHtBdnJA.png
NZjers1,combined,geometric_mean,9,constant,-1,./results/edge/NZjers1/geometric_mean/combined/9-constant-oEnNDUux.png
NZjers1,magnitude,geometric_mean,11,constant,-1,./results/edge/NZjers1/geometric_mean/magnitude/11-constant-jdgTLBqL.png
NZjers1,direction,geometric_mean,11,constant,-1,./results/edge/NZjers1/geometric_mean/direction/11-constant-iBIrwDhH.png
NZjers1,combined,geometric_mean,11,constant,-1,./results/edge/NZjers1/geometric_mean/combined/11-constant-upTiiqxp.png
NZjers1,magnitude,geometric_mean,13,constant,-1,./results/edge/NZjers1/geometric_mean/magnitude/13-constant-BMvHsmPn.png
NZjers1,direction,geometric_mean,13,constant,-1,./results/edge/NZjers1/geometric_mean/direction/13-constant-tnjefXkY.png
NZjers1,combined,geometric_mean,13,constant,-1,./results/edge/NZjers1/geometric_mean/combined/13-constant-WLKrlNCo.png
NZjers1,magnitude,geometric_mean,15,constant,-1,./results/edge/NZjers1/geometric_mean/magnitude/15-constant-oLLjuwNo.png
NZjers1,direction,geometric_mean,15,constant,-1,./results/edge/NZjers1/geometric_mean/direction/15-constant-SiHqIBYx.png
NZjers1,combined,geometric_mean,15,constant,-1,./results/edge/NZjers1/geometric_mean/combined/15-constant-JbCbTrYS.png
NZjers1,magnitude,harmonic_mean,3,constant,-1,./results/edge/NZjers1/harmonic_mean/magnitude/3-constant-orpuonwR.png
NZjers1,direction,harmonic_mean,3,constant,-1,./results/edge/NZjers1/harmonic_mean/direction/3-constant-AagKICIv.png
NZjers1,combined,harmonic_mean,3,constant,-1,./results/edge/NZjers1/harmonic_mean/combined/3-constant-wfBQosdl.png
NZjers1,magnitude,harmonic_mean,5,constant,-1,./results/edge/NZjers1/harmonic_mean/magnitude/5-constant-DftiFaCX.png
NZjers1,direction,harmonic_mean,5,constant,-1,./results/edge/NZjers1/harmonic_mean/direction/5-constant-KtsGTMFY.png
NZjers1,combined,harmonic_mean,5,constant,-1,./results/edge/NZjers1/harmonic_mean/combined/5-constant-wUrQZKlS.png
NZjers1,magnitude,harmonic_mean,7,constant,-1,./results/edge/NZjers1/harmonic_mean/magnitude/7-constant-KGDMBBag.png
NZjers1,direction,harmonic_mean,7,constant,-1,./results/edge/NZjers1/harmonic_mean/direction/7-constant-hMhCfKQy.png
NZjers1,combined,harmonic_mean,7,constant,-1,./results/edge/NZjers1/harmonic_mean/combined/7-constant-yYSmTfLO.png
NZjers1,magnitude,harmonic_mean,9,constant,-1,./results/edge/NZjers1/harmonic_mean/magnitude/9-constant-aaemGvkd.png
NZjers1,direction,harmonic_mean,9,constant,-1,./results/edge/NZjers1/harmonic_mean/direction/9-constant-jHcAPSqO.png
NZjers1,combined,harmonic_mean,9,constant,-1,./results/edge/NZjers1/harmonic_mean/combined/9-constant-CCYTiBiq.png
NZjers1,magnitude,harmonic_mean,11,constant,-1,./results/edge/NZjers1/harmonic_mean/magnitude/11-constant-BobBFUsp.png
NZjers1,direction,harmonic_mean,11,constant,-1,./results/edge/NZjers1/harmonic_mean/direction/11-constant-obqFdXeU.png
NZjers1,combined,harmonic_mean,11,constant,-1,./results/edge/NZjers1/harmonic_mean/combined/11-constant-XXToxAdw.png
NZjers1,magnitude,harmonic_mean,13,constant,-1,./results/edge/NZjers1/harmonic_mean/magnitude/13-constant-xwnDUKmf.png
NZjers1,direction,harmonic_mean,13,constant,-1,./results/edge/NZjers1/harmonic_mean/direction/13-constant-SGmdCfTk.png
NZjers1,combined,harmonic_mean,13,constant,-1,./results/edge/NZjers1/harmonic_mean/combined/13-constant-IuHdkxuS.png
NZjers1,magnitude,harmonic_mean,15,constant,-1,./results/edge/NZjers1/harmonic_mean/magnitude/15-constant-AHXQCyig.png
NZjers1,direction,harmonic_mean,15,constant,-1,./results/edge/NZjers1/harmonic_mean/direction/15-constant-gjSAxWxL.png
NZjers1,combined,harmonic_mean,15,constant,-1,./results/edge/NZjers1/harmonic_mean/combined/15-constant-jcNjyAAN.png
NZjers1,magnitude,contra_harmonic_mean,3,constant,-1,./results/edge/NZjers1/contra_harmonic_mean/magnitude/3-constant-jlGjXfNO.png
NZjers1,direction,contra_harmonic_mean,3,constant,-1,./results/edge/NZjers1/contra_harmonic_mean/direction/3-constant-nQaxmjlU.png
NZjers1,combined,contra_harmonic_mean,3,constant,-1,./results/edge/NZjers1/contra_harmonic_mean/combined/3-constant-CvdOmpFi.png
NZjers1,magnitude,contra_harmonic_mean,5,constant,-1,./results/edge/NZjers1/contra_harmonic_mean/magnitude/5-constant-SrRAiYGF.png
NZjers1,direction,contra_harmonic_mean,5,constant,-1,./results/edge/NZjers1/contra_harmonic_mean/direction/5-constant-WcQOTQfD.png
NZjers1,combined,contra_harmonic_mean,5,constant,-1,./results/edge/NZjers1/contra_harmonic_mean/combined/5-constant-QwJcYdgb.png
NZjers1,magnitude,contra_harmonic_mean,7,constant,-1,./results/edge/NZjers1/contra_harmonic_mean/magnitude/7-constant-jcEqxSBG.png
NZjers1,direction,contra_harmonic_mean,7,constant,-1,./results/edge/NZjers1/contra_harmonic_mean/direction/7-constant-iFpxlktA.png
NZjers1,combined,contra_harmonic_mean,7,constant,-1,./results/edge/NZjers1/contra_harmonic_mean/combined/7-constant-wdewrIbx.png
NZjers1,magnitude,contra_harmonic_mean,9,constant,-1,./results/edge/NZjers1/contra_harmonic_mean/magnitude/9-constant-ESECZSTL.png
NZjers1,direction,contra_harmonic_mean,9,constant,-1,./results/edge/NZjers1/contra_harmonic_mean/direction/9-constant-HhhPtXhX.png
NZjers1,combined,contra_harmonic_mean,9,constant,-1,./results/edge/NZjers1/contra_harmonic_mean/combined/9-constant-XKXsNhii.png
NZjers1,magnitude,contra_harmonic_mean,11,constant,-1,./results/edge/NZjers1/contra_harmonic_mean/magnitude/11-constant-TmQbSHgR.png
NZjers1,direction,contra_harmonic_mean,11,constant,-1,./results/edge/NZjers1/contra_harmonic_mean/direction/11-constant-iAwxnXHT.png
NZjers1,combined,contra_harmonic_mean,11,constant,-1,./results/edge/NZjers1/contra_harmonic_mean/combined/11-constant-MCprgsOL.png
NZjers1,magnitude,contra_harmonic_mean,13,constant,-1,./results/edge/NZjers1/contra_harmonic_mean/magnitude/13-constant-mGHrGuze.png
NZjers1,direction,contra_harmonic_mean,13,constant,-1,./results/edge/NZjers1/contra_harmonic_mean/direction/13-constant-qWYXQDta.png
NZjers1,combined,contra_harmonic_mean,13,constant,-1,./results/edge/NZjers1/contra_harmonic_mean/combined/13-constant-YgfVtjHX.png
NZjers1,magnitude,contra_harmonic_mean,15,constant,-1,./results/edge/NZjers1/contra_harmonic_mean/magnitude/15-constant-IhzpAnGF.png
NZjers1,direction,contra_harmonic_mean,15,constant,-1,./results/edge/NZjers1/contra_harmonic_mean/direction/15-constant-GiIPUpof.png
NZjers1,combined,contra_harmonic_mean,15,constant,-1,./results/edge/NZjers1/contra_harmonic_mean/combined/15-constant-ghCJkRwD.png
NZjers1,magnitude,median,3,constant,-1,./results/edge/NZjers1/median/magnitude/3-constant-SJfEbLzS.png
NZjers1,direction,median,3,constant,-1,./results/edge/NZjers1/median/direction/3-constant-ohsqqAlh.png
NZjers1,combined,median,3,constant,-1,./results/edge/NZjers1/median/combined/3-constant-iGxRLczc.png
NZjers1,magnitude,median,5,constant,-1,./results/edge/NZjers1/median/magnitude/5-constant-QNuksqfq.png
NZjers1,direction,median,5,constant,-1,./results/edge/NZjers1/median/direction/5-constant-piFOYDuk.png
NZjers1,combined,median,5,constant,-1,./results/edge/NZjers1/median/combined/5-constant-gTMDXiSJ.png
NZjers1,magnitude,median,7,constant,-1,./results/edge/NZjers1/median/magnitude/7-constant-idObtBsr.png
NZjers1,direction,median,7,constant,-1,./results/edge/NZjers1/median/direction/7-constant-CqdYHvMl.png
NZjers1,combined,median,7,constant,-1,./results/edge/NZjers1/median/combined/7-constant-pKNDHDmv.png
NZjers1,magnitude,median,9,constant,-1,./results/edge/NZjers1/median/magnitude/9-constant-dxGwvTxl.png
NZjers1,direction,median,9,constant,-1,./results/edge/NZjers1/median/direction/9-constant-BYBVVauJ.png
NZjers1,combined,median,9,constant,-1,./results/edge/NZjers1/median/combined/9-constant-XpiFsUdk.png
NZjers1,magnitude,median,11,constant,-1,./results/edge/NZjers1/median/magnitude/11-constant-ticahOmY.png
NZjers1,direction,median,11,constant,-1,./results/edge/NZjers1/median/direction/11-constant-EfUYEaCG.png
NZjers1,combined,median,11,constant,-1,./results/edge/NZjers1/median/combined/11-constant-OtjoMorn.png
NZjers1,magnitude,median,13,constant,-1,./results/edge/NZjers1/median/magnitude/13-constant-YNdzKEFl.png
NZjers1,direction,median,13,constant,-1,./results/edge/NZjers1/median/direction/13-constant-XxZqSXww.png
NZjers1,combined,median,13,constant,-1,./results/edge/NZjers1/median/combined/13-constant-wleYqYho.png
NZjers1,magnitude,median,15,constant,-1,./results/edge/NZjers1/median/magnitude/15-constant-LOfBOuCY.png
NZjers1,direction,median,15,constant,-1,./results/edge/NZjers1/median/direction/15-constant-nwKfqjeL.png
NZjers1,combined,median,15,constant,-1,./results/edge/NZjers1/median/combined/15-constant-DCKBrfsH.png
NZjers1,magnitude,adaptive_weighted_median,3,constant,-1,./results/edge/NZjers1/adaptive_weighted_median/magnitude/3-constant-lddlhShJ.png
NZjers1,direction,adaptive_weighted_median,3,constant,-1,./results/edge/NZjers1/adaptive_weighted_median/direction/3-constant-cYRAVRcl.png
NZjers1,combined,adaptive_weighted_median,3,constant,-1,./results/edge/NZjers1/adaptive_weighted_median/combined/3-constant-vEhLpqyl.png
NZjers1,magnitude,adaptive_weighted_median,5,constant,-1,./results/edge/NZjers1/adaptive_weighted_median/magnitude/5-constant-edEyBjpX.png
NZjers1,direction,adaptive_weighted_median,5,constant,-1,./results/edge/NZjers1/adaptive_weighted_median/direction/5-constant-YFqjYccG.png
NZjers1,combined,adaptive_weighted_median,5,constant,-1,./results/edge/NZjers1/adaptive_weighted_median/combined/5-constant-axtlhTFu.png
NZjers1,magnitude,adaptive_weighted_median,7,constant,-1,./results/edge/NZjers1/adaptive_weighted_median/magnitude/7-constant-HIeFPEHF.png
NZjers1,direction,adaptive_weighted_median,7,constant,-1,./results/edge/NZjers1/adaptive_weighted_median/direction/7-constant-EMuQxnSy.png
NZjers1,combined,adaptive_weighted_median,7,constant,-1,./results/edge/NZjers1/adaptive_weighted_median/combined/7-constant-jTylfLjk.png
NZjers1,magnitude,adaptive_weighted_median,9,constant,-1,./results/edge/NZjers1/adaptive_weighted_median/magnitude/9-constant-CGFLRgCV.png
NZjers1,direction,adaptive_weighted_median,9,constant,-1,./results/edge/NZjers1/adaptive_weighted_median/direction/9-constant-MvHDraXs.png
NZjers1,combined,adaptive_weighted_median,9,constant,-1,./results/edge/NZjers1/adaptive_weighted_median/combined/9-constant-ZlDSpzfG.png
NZjers1,magnitude,adaptive_weighted_median,11,constant,-1,./results/edge/NZjers1/adaptive_weighted_median/magnitude/11-constant-xDeUFnCG.png
NZjers1,direction,adaptive_weighted_median,11,constant,-1,./results/edge/NZjers1/adaptive_weighted_median/direction/11-constant-BKTyGPhe.png
NZjers1,combined,adaptive_weighted_median,11,constant,-1,./results/edge/NZjers1/adaptive_weighted_median/combined/11-constant-JOYGxcZP.png
NZjers1,magnitude,adaptive_weighted_median,13,constant,-1,./results/edge/NZjers1/adaptive_weighted_median/magnitude/13-constant-muykqWLE.png
NZjers1,direction,adaptive_weighted_median,13,constant,-1,./results/edge/NZjers1/adaptive_weighted_median/direction/13-constant-aszbASjD.png
NZjers1,combined,adaptive_weighted_median,13,constant,-1,./results/edge/NZjers1/adaptive_weighted_median/combined/13-constant-vubEPspr.png
NZjers1,magnitude,adaptive_weighted_median,15,constant,-1,./results/edge/NZjers1/adaptive_weighted_median/magnitude/15-constant-mpZwpllw.png
NZjers1,direction,adaptive_weighted_median,15,constant,-1,./results/edge/NZjers1/adaptive_weighted_median/direction/15-constant-GYtLMZxo.png
NZjers1,combined,adaptive_weighted_median,15,constant,-1,./results/edge/NZjers1/adaptive_weighted_median/combined/15-constant-RbBZNLlS.png
NZjers1,magnitude,truncated_median,3,constant,-1,./results/edge/NZjers1/truncated_median/magnitude/3-constant-xOvvZYNz.png
NZjers1,direction,truncated_median,3,constant,-1,./results/edge/NZjers1/truncated_median/direction/3-constant-thpCWdte.png
NZjers1,combined,truncated_median,3,constant,-1,./results/edge/NZjers1/truncated_median/combined/3-constant-dcvXJUaY.png
NZjers1,magnitude,truncated_median,5,constant,-1,./results/edge/NZjers1/truncated_median/magnitude/5-constant-bSCSBnqx.png
NZjers1,direction,truncated_median,5,constant,-1,./results/edge/NZjers1/truncated_median/direction/5-constant-CkhnnoCz.png
NZjers1,combined,truncated_median,5,constant,-1,./results/edge/NZjers1/truncated_median/combined/5-constant-gDrlWfib.png
NZjers1,magnitude,truncated_median,7,constant,-1,./results/edge/NZjers1/truncated_median/magnitude/7-constant-BJBmNtwW.png
NZjers1,direction,truncated_median,7,constant,-1,./results/edge/NZjers1/truncated_median/direction/7-constant-gcTcyqnh.png
NZjers1,combined,truncated_median,7,constant,-1,./results/edge/NZjers1/truncated_median/combined/7-constant-BEAflBqb.png
NZjers1,magnitude,truncated_median,9,constant,-1,./results/edge/NZjers1/truncated_median/magnitude/9-constant-blBffSbZ.png
NZjers1,direction,truncated_median,9,constant,-1,./results/edge/NZjers1/truncated_median/direction/9-constant-cxjqXEeK.png
NZjers1,combined,truncated_median,9,constant,-1,./results/edge/NZjers1/truncated_median/combined/9-constant-YLfUZZkE.png
NZjers1,magnitude,truncated_median,11,constant,-1,./results/edge/NZjers1/truncated_median/magnitude/11-constant-pcbwbAVV.png
NZjers1,direction,truncated_median,11,constant,-1,./results/edge/NZjers1/truncated_median/direction/11-constant-LPQfzIIW.png
NZjers1,combined,truncated_median,11,constant,-1,./results/edge/NZjers1/truncated_median/combined/11-constant-NQuJHptz.png
NZjers1,magnitude,truncated_median,13,constant,-1,./results/edge/NZjers1/truncated_median/magnitude/13-constant-jDiWGpUf.png
NZjers1,direction,truncated_median,13,constant,-1,./results/edge/NZjers1/truncated_median/direction/13-constant-gRLUfkCB.png
NZjers1,combined,truncated_median,13,constant,-1,./results/edge/NZjers1/truncated_median/combined/13-constant-AawTTAlA.png
NZjers1,magnitude,truncated_median,15,constant,-1,./results/edge/NZjers1/truncated_median/magnitude/15-constant-oFLENMRe.png
NZjers1,direction,truncated_median,15,constant,-1,./results/edge/NZjers1/truncated_median/direction/15-constant-zWydMULe.png
NZjers1,combined,truncated_median,15,constant,-1,./results/edge/NZjers1/truncated_median/combined/15-constant-OkATWGee.png
NZjers1,magnitude,max,3,constant,-1,./results/edge/NZjers1/max/magnitude/3-constant-bJrVMfoC.png
NZjers1,direction,max,3,constant,-1,./results/edge/NZjers1/max/direction/3-constant-mTErULGG.png
NZjers1,combined,max,3,constant,-1,./results/edge/NZjers1/max/combined/3-constant-akqZyrok.png
NZjers1,magnitude,max,5,constant,-1,./results/edge/NZjers1/max/magnitude/5-constant-jouYgfSL.png
NZjers1,direction,max,5,constant,-1,./results/edge/NZjers1/max/direction/5-constant-wdzcLvxZ.png
NZjers1,combined,max,5,constant,-1,./results/edge/NZjers1/max/combined/5-constant-vXtvXIfk.png
NZjers1,magnitude,max,7,constant,-1,./results/edge/NZjers1/max/magnitude/7-constant-ByjWeKjX.png
NZjers1,direction,max,7,constant,-1,./results/edge/NZjers1/max/direction/7-constant-uEeVcpje.png
NZjers1,combined,max,7,constant,-1,./results/edge/NZjers1/max/combined/7-constant-fOHJtKOY.png
NZjers1,magnitude,max,9,constant,-1,./results/edge/NZjers1/max/magnitude/9-constant-EIoEijiQ.png
NZjers1,direction,max,9,constant,-1,./results/edge/NZjers1/max/direction/9-constant-RMEDvSDE.png
NZjers1,combined,max,9,constant,-1,./results/edge/NZjers1/max/combined/9-constant-CfLtQiIl.png
NZjers1,magnitude,max,11,constant,-1,./results/edge/NZjers1/max/magnitude/11-constant-uQCyQjnW.png
NZjers1,direction,max,11,constant,-1,./results/edge/NZjers1/max/direction/11-constant-xpWeQOoq.png
NZjers1,combined,max,11,constant,-1,./results/edge/NZjers1/max/combined/11-constant-WrPglcNr.png
NZjers1,magnitude,max,13,constant,-1,./results/edge/NZjers1/max/magnitude/13-constant-gXyntPYi.png
NZjers1,direction,max,13,constant,-1,./results/edge/NZjers1/max/direction/13-constant-NHWYgcUX.png
NZjers1,combined,max,13,constant,-1,./results/edge/NZjers1/max/combined/13-constant-gbPefiDK.png
NZjers1,magnitude,max,15,constant,-1,./results/edge/NZjers1/max/magnitude/15-constant-sbfVsngt.png
NZjers1,direction,max,15,constant,-1,./results/edge/NZjers1/max/direction/15-constant-sjlMdofF.png
NZjers1,combined,max,15,constant,-1,./results/edge/NZjers1/max/combined/15-constant-BvPgBgFx.png
NZjers1,magnitude,min,3,constant,-1,./results/edge/NZjers1/min/magnitude/3-constant-jbAXSYoS.png
NZjers1,direction,min,3,constant,-1,./results/edge/NZjers1/min/direction/3-constant-huvtKibC.png
NZjers1,combined,min,3,constant,-1,./results/edge/NZjers1/min/combined/3-constant-IIpIolCb.png
NZjers1,magnitude,min,5,constant,-1,./results/edge/NZjers1/min/magnitude/5-constant-jOwTVLid.png
NZjers1,direction,min,5,constant,-1,./results/edge/NZjers1/min/direction/5-constant-qExcXNBK.png
NZjers1,combined,min,5,constant,-1,./results/edge/NZjers1/min/combined/5-constant-pGhCafrt.png
NZjers1,magnitude,min,7,constant,-1,./results/edge/NZjers1/min/magnitude/7-constant-gnFKoIuS.png
NZjers1,direction,min,7,constant,-1,./results/edge/NZjers1/min/direction/7-constant-mJOddxVe.png
NZjers1,combined,min,7,constant,-1,./results/edge/NZjers1/min/combined/7-constant-WmikCrJL.png
NZjers1,magnitude,min,9,constant,-1,./results/edge/NZjers1/min/magnitude/9-constant-XTpRJCLv.png
NZjers1,direction,min,9,constant,-1,./results/edge/NZjers1/min/direction/9-constant-BbgSOSnD.png
NZjers1,combined,min,9,constant,-1,./results/edge/NZjers1/min/combined/9-constant-jVEEpCNn.png
NZjers1,magnitude,min,11,constant,-1,./results/edge/NZjers1/min/magnitude/11-constant-vUiDRkez.png
NZjers1,direction,min,11,constant,-1,./results/edge/NZjers1/min/direction/11-constant-eJFByrbo.png
NZjers1,combined,min,11,constant,-1,./results/edge/NZjers1/min/combined/11-constant-idzftuVh.png
NZjers1,magnitude,min,13,constant,-1,./results/edge/NZjers1/min/magnitude/13-constant-BVeQxCpb.png
NZjers1,direction,min,13,constant,-1,./results/edge/NZjers1/min/direction/13-constant-hkKWdFia.png
NZjers1,combined,min,13,constant,-1,./results/edge/NZjers1/min/combined/13-constant-ltQsBDCZ.png
NZjers1,magnitude,min,15,constant,-1,./results/edge/NZjers1/min/magnitude/15-constant-UhviYqyW.png
NZjers1,direction,min,15,constant,-1,./results/edge/NZjers1/min/direction/15-constant-HhziMXJO.png
NZjers1,combined,min,15,constant,-1,./results/edge/NZjers1/min/combined/15-constant-cZtzEvki.png
NZjers1,magnitude,midpoint,3,constant,-1,./results/edge/NZjers1/midpoint/magnitude/3-constant-BiziLbqi.png
NZjers1,direction,midpoint,3,constant,-1,./results/edge/NZjers1/midpoint/direction/3-constant-AOeBTfUU.png
NZjers1,combined,midpoint,3,constant,-1,./results/edge/NZjers1/midpoint/combined/3-constant-YryoGmeL.png
NZjers1,magnitude,midpoint,5,constant,-1,./results/edge/NZjers1/midpoint/magnitude/5-constant-ZBqQLYvM.png
NZjers1,direction,midpoint,5,constant,-1,./results/edge/NZjers1/midpoint/direction/5-constant-DFqBjeGu.png
NZjers1,combined,midpoint,5,constant,-1,./results/edge/NZjers1/midpoint/combined/5-constant-bTTeZITx.png
NZjers1,magnitude,midpoint,7,constant,-1,./results/edge/NZjers1/midpoint/magnitude/7-constant-uzYDRXYd.png
NZjers1,direction,midpoint,7,constant,-1,./results/edge/NZjers1/midpoint/direction/7-constant-QEHliUea.png
NZjers1,combined,midpoint,7,constant,-1,./results/edge/NZjers1/midpoint/combined/7-constant-UjBFEjOY.png
NZjers1,magnitude,midpoint,9,constant,-1,./results/edge/NZjers1/midpoint/magnitude/9-constant-oOfMxTcI.png
NZjers1,direction,midpoint,9,constant,-1,./results/edge/NZjers1/midpoint/direction/9-constant-AhldoUAi.png
NZjers1,combined,midpoint,9,constant,-1,./results/edge/NZjers1/midpoint/combined/9-constant-COgOofdX.png
NZjers1,magnitude,midpoint,11,constant,-1,./results/edge/NZjers1/midpoint/magnitude/11-constant-cvgvCnmd.png
NZjers1,direction,midpoint,11,constant,-1,./results/edge/NZjers1/midpoint/direction/11-constant-EHhfBOIm.png
NZjers1,combined,midpoint,11,constant,-1,./results/edge/NZjers1/midpoint/combined/11-constant-zxRHKvkg.png
NZjers1,magnitude,midpoint,13,constant,-1,./results/edge/NZjers1/midpoint/magnitude/13-constant-pgjZKBSr.png
NZjers1,direction,midpoint,13,constant,-1,./results/edge/NZjers1/midpoint/direction/13-constant-lHlfDXPQ.png
NZjers1,combined,midpoint,13,constant,-1,./results/edge/NZjers1/midpoint/combined/13-constant-CpusRFsF.png
NZjers1,magnitude,midpoint,15,constant,-1,./results/edge/NZjers1/midpoint/magnitude/15-constant-QihMegKa.png
NZjers1,direction,midpoint,15,constant,-1,./results/edge/NZjers1/midpoint/direction/15-constant-RAcWrwuu.png
NZjers1,combined,midpoint,15,constant,-1,./results/edge/NZjers1/midpoint/combined/15-constant-MCCAMNpf.png
NZjers1,magnitude,alpha_trimmed_mean,3,constant,-1,./results/edge/NZjers1/alpha_trimmed_mean/magnitude/3-constant-msAlxBAo.png
NZjers1,direction,alpha_trimmed_mean,3,constant,-1,./results/edge/NZjers1/alpha_trimmed_mean/direction/3-constant-iXtIUkWT.png
NZjers1,combined,alpha_trimmed_mean,3,constant,-1,./results/edge/NZjers1/alpha_trimmed_mean/combined/3-constant-kGMrbghj.png
NZjers1,magnitude,alpha_trimmed_mean,5,constant,-1,./results/edge/NZjers1/alpha_trimmed_mean/magnitude/5-constant-uHPIVvtM.png
NZjers1,direction,alpha_trimmed_mean,5,constant,-1,./results/edge/NZjers1/alpha_trimmed_mean/direction/5-constant-xhyujRAd.png
NZjers1,combined,alpha_trimmed_mean,5,constant,-1,./results/edge/NZjers1/alpha_trimmed_mean/combined/5-constant-ZSjOregk.png
NZjers1,magnitude,alpha_trimmed_mean,7,constant,-1,./results/edge/NZjers1/alpha_trimmed_mean/magnitude/7-constant-MCdsNLeA.png
NZjers1,direction,alpha_trimmed_mean,7,constant,-1,./results/edge/NZjers1/alpha_trimmed_mean/direction/7-constant-DQnPwXdb.png
NZjers1,combined,alpha_trimmed_mean,7,constant,-1,./results/edge/NZjers1/alpha_trimmed_mean/combined/7-constant-VlnQmsIK.png
NZjers1,magnitude,alpha_trimmed_mean,9,constant,-1,./results/edge/NZjers1/alpha_trimmed_mean/magnitude/9-constant-NGdsnQFS.png
NZjers1,direction,alpha_trimmed_mean,9,constant,-1,./results/edge/NZjers1/alpha_trimmed_mean/direction/9-constant-kBvrlNnn.png
NZjers1,combined,alpha_trimmed_mean,9,constant,-1,./results/edge/NZjers1/alpha_trimmed_mean/combined/9-constant-nHesgMUH.png
NZjers1,magnitude,alpha_trimmed_mean,11,constant,-1,./results/edge/NZjers1/alpha_trimmed_mean/magnitude/11-constant-XKszitLn.png
NZjers1,direction,alpha_trimmed_mean,11,constant,-1,./results/edge/NZjers1/alpha_trimmed_mean/direction/11-constant-KaoSVbty.png
NZjers1,combined,alpha_trimmed_mean,11,constant,-1,./results/edge/NZjers1/alpha_trimmed_mean/combined/11-constant-WTTjwkUn.png
NZjers1,magnitude,alpha_trimmed_mean,13,constant,-1,./results/edge/NZjers1/alpha_trimmed_mean/magnitude/13-constant-GdZZPTlW.png
NZjers1,direction,alpha_trimmed_mean,13,constant,-1,./results/edge/NZjers1/alpha_trimmed_mean/direction/13-constant-lyWXSMLA.png
NZjers1,combined,alpha_trimmed_mean,13,constant,-1,./results/edge/NZjers1/alpha_trimmed_mean/combined/13-constant-JtCciwvt.png
NZjers1,magnitude,alpha_trimmed_mean,15,constant,-1,./results/edge/NZjers1/alpha_trimmed_mean/magnitude/15-constant-AjVgJShx.png
NZjers1,direction,alpha_trimmed_mean,15,constant,-1,./results/edge/NZjers1/alpha_trimmed_mean/direction/15-constant-wsdPAQaJ.png
NZjers1,combined,alpha_trimmed_mean,15,constant,-1,./results/edge/NZjers1/alpha_trimmed_mean/combined/15-constant-UpZeQCen.png
foetus,magnitude,gaussian,3,constant,-1,./results/edge/foetus/gaussian/magnitude/3-constant-BdNOZhOr.png
foetus,direction,gaussian,3,constant,-1,./results/edge/foetus/gaussian/direction/3-constant-AIoLhelj.png
foetus,combined,gaussian,3,constant,-1,./results/edge/foetus/gaussian/combined/3-constant-TMAqMpDM.png
foetus,magnitude,gaussian,5,constant,-1,./results/edge/foetus/gaussian/magnitude/5-constant-kcSVcQAS.png
foetus,direction,gaussian,5,constant,-1,./results/edge/foetus/gaussian/direction/5-constant-NAXTzBzI.png
foetus,combined,gaussian,5,constant,-1,./results/edge/foetus/gaussian/combined/5-constant-eBBkLBfX.png
foetus,magnitude,gaussian,7,constant,-1,./results/edge/foetus/gaussian/magnitude/7-constant-lFnirUkO.png
foetus,direction,gaussian,7,constant,-1,./results/edge/foetus/gaussian/direction/7-constant-rJPXPWjX.png
foetus,combined,gaussian,7,constant,-1,./results/edge/foetus/gaussian/combined/7-constant-PbLaZAij.png
foetus,magnitude,gaussian,9,constant,-1,./results/edge/foetus/gaussian/magnitude/9-constant-fGVJrhGw.png
foetus,direction,gaussian,9,constant,-1,./results/edge/foetus/gaussian/direction/9-constant-JgRSolhr.png
foetus,combined,gaussian,9,constant,-1,./results/edge/foetus/gaussian/combined/9-constant-wPjTfTVy.png
foetus,magnitude,gaussian,11,constant,-1,./results/edge/foetus/gaussian/magnitude/11-constant-OWIOQNhf.png
foetus,direction,gaussian,11,constant,-1,./results/edge/foetus/gaussian/direction/11-constant-KnPPTqnV.png
foetus,combined,gaussian,11,constant,-1,./results/edge/foetus/gaussian/combined/11-constant-jYrduYvf.png
foetus,magnitude,gaussian,13,constant,-1,./results/edge/foetus/gaussian/magnitude/13-constant-HMlHENSd.png
foetus,direction,gaussian,13,constant,-1,./results/edge/foetus/gaussian/direction/13-constant-ZEMTDtNd.png
foetus,combined,gaussian,13,constant,-1,./results/edge/foetus/gaussian/combined/13-constant-nXsrWZEv.png
foetus,magnitude,gaussian,15,constant,-1,./results/edge/foetus/gaussian/magnitude/15-constant-UPgMLcuw.png
foetus,direction,gaussian,15,constant,-1,./results/edge/foetus/gaussian/direction/15-constant-mCSucraE.png
foetus,combined,gaussian,15,constant,-1,./results/edge/foetus/gaussian/combined/15-constant-gjSKJcLg.png
foetus,magnitude,box,3,constant,-1,./results/edge/foetus/box/magnitude/3-constant-yqpMeCIl.png
foetus,direction,box,3,constant,-1,./results/edge/foetus/box/direction/3-constant-fHAXxPUY.png
foetus,combined,box,3,constant,-1,./results/edge/foetus/box/combined/3-constant-apnVOvHV.png
foetus,magnitude,box,5,constant,-1,./results/edge/foetus/box/magnitude/5-constant-SqYtbWht.png
foetus,direction,box,5,constant,-1,./results/edge/foetus/box/direction/5-constant-rDtqwrPg.png
foetus,combined,box,5,constant,-1,./results/edge/foetus/box/combined/5-constant-gDqvRkqG.png
foetus,magnitude,box,7,constant,-1,./results/edge/foetus/box/magnitude/7-constant-SVNxSWhf.png
foetus,direction,box,7,constant,-1,./results/edge/foetus/box/direction/7-constant-uIWJHMyW.png
foetus,combined,box,7,constant,-1,./results/edge/foetus/box/combined/7-constant-ycWIDkJt.png
foetus,magnitude,box,9,constant,-1,./results/edge/foetus/box/magnitude/9-constant-nONSNFXd.png
foetus,direction,box,9,constant,-1,./results/edge/foetus/box/direction/9-constant-rIlaycCT.png
foetus,combined,box,9,constant,-1,./results/edge/foetus/box/combined/9-constant-oybNnrhl.png
foetus,magnitude,box,11,constant,-1,./results/edge/foetus/box/magnitude/11-constant-lXGQvfBL.png
foetus,direction,box,11,constant,-1,./results/edge/foetus/box/direction/11-constant-YOUfKkZU.png
foetus,combined,box,11,constant,-1,./results/edge/foetus/box/combined/11-constant-KzlykUzF.png
foetus,magnitude,box,13,constant,-1,./results/edge/foetus/box/magnitude/13-constant-JbvjGVba.png
foetus,direction,box,13,constant,-1,./results/edge/foetus/box/direction/13-constant-uaCULlRX.png
foetus,combined,box,13,constant,-1,./results/edge/foetus/box/combined/13-constant-HZUOErKe.png
foetus,magnitude,box,15,constant,-1,./results/edge/foetus/box/magnitude/15-constant-ZdPtmUnB.png
foetus,direction,box,15,constant,-1,./results/edge/foetus/box/direction/15-constant-XABHYWEO.png
foetus,combined,box,15,constant,-1,./results/edge/foetus/box/combined/15-constant-GzrcpQra.png
foetus,magnitude,butterworth_low_pass,3,constant,-1,./results/edge/foetus/butterworth_low_pass/magnitude/3-constant-UVSJMXbo.png
foetus,direction,butterworth_low_pass,3,constant,-1,./results/edge/foetus/butterworth_low_pass/direction/3-constant-KpRgmtez.png
foetus,combined,butterworth_low_pass,3,constant,-1,./results/edge/foetus/butterworth_low_pass/combined/3-constant-pRJoSrrK.png
foetus,magnitude,butterworth_low_pass,5,constant,-1,./results/edge/foetus/butterworth_low_pass/magnitude/5-constant-xlWXVVRs.png
foetus,direction,butterworth_low_pass,5,constant,-1,./results/edge/foetus/butterworth_low_pass/direction/5-constant-TxzgcBFf.png
foetus,combined,butterworth_low_pass,5,constant,-1,./results/edge/foetus/butterworth_low_pass/combined/5-constant-HRsvPxjE.png
foetus,magnitude,butterworth_low_pass,7,constant,-1,./results/edge/foetus/butterworth_low_pass/magnitude/7-constant-iXDJWnfS.png
foetus,direction,butterworth_low_pass,7,constant,-1,./results/edge/foetus/butterworth_low_pass/direction/7-constant-qsIXdizH.png
foetus,combined,butterworth_low_pass,7,constant,-1,./results/edge/foetus/butterworth_low_pass/combined/7-constant-iWZOaRjT.png
foetus,magnitude,butterworth_low_pass,9,constant,-1,./results/edge/foetus/butterworth_low_pass/magnitude/9-constant-YIwHIXkW.png
foetus,direction,butterworth_low_pass,9,constant,-1,./results/edge/foetus/butterworth_low_pass/direction/9-constant-amwGNwlT.png
foetus,combined,butterworth_low_pass,9,constant,-1,./results/edge/foetus/butterworth_low_pass/combined/9-constant-FwTrJmEt.png
foetus,magnitude,butterworth_low_pass,11,constant,-1,./results/edge/foetus/butterworth_low_pass/magnitude/11-constant-qjMnvByf.png
foetus,direction,butterworth_low_pass,11,constant,-1,./results/edge/foetus/butterworth_low_pass/direction/11-constant-tOgXfNGI.png
foetus,combined,butterworth_low_pass,11,constant,-1,./results/edge/foetus/butterworth_low_pass/combined/11-constant-PtGDbCch.png
foetus,magnitude,butterworth_low_pass,13,constant,-1,./results/edge/foetus/butterworth_low_pass/magnitude/13-constant-fJYJuWiW.png
foetus,direction,butterworth_low_pass,13,constant,-1,./results/edge/foetus/butterworth_low_pass/direction/13-constant-vJdAEFqR.png
foetus,combined,butterworth_low_pass,13,constant,-1,./results/edge/foetus/butterworth_low_pass/combined/13-constant-JLZSMRjJ.png
foetus,magnitude,butterworth_low_pass,15,constant,-1,./results/edge/foetus/butterworth_low_pass/magnitude/15-constant-OhgAkWTh.png
foetus,direction,butterworth_low_pass,15,constant,-1,./results/edge/foetus/butterworth_low_pass/direction/15-constant-qFgKSyPM.png
foetus,combined,butterworth_low_pass,15,constant,-1,./results/edge/foetus/butterworth_low_pass/combined/15-constant-vymypqnM.png
foetus,magnitude,low_pass,3,constant,-1,./results/edge/foetus/low_pass/magnitude/3-constant-aXGlmCpO.png
foetus,direction,low_pass,3,constant,-1,./results/edge/foetus/low_pass/direction/3-constant-hkTwEfRR.png
foetus,combined,low_pass,3,constant,-1,./results/edge/foetus/low_pass/combined/3-constant-mYPoXLfV.png
foetus,magnitude,low_pass,5,constant,-1,./results/edge/foetus/low_pass/magnitude/5-constant-HOaeiiIs.png
foetus,direction,low_pass,5,constant,-1,./results/edge/foetus/low_pass/direction/5-constant-BPxrjmYn.png
foetus,combined,low_pass,5,constant,-1,./results/edge/foetus/low_pass/combined/5-constant-bcVcKCED.png
foetus,magnitude,low_pass,7,constant,-1,./results/edge/foetus/low_pass/magnitude/7-constant-jggjsNnE.png
foetus,direction,low_pass,7,constant,-1,./results/edge/foetus/low_pass/direction/7-constant-eeoPQLOS.png
foetus,combined,low_pass,7,constant,-1,./results/edge/foetus/low_pass/combined/7-constant-mFYluSHd.png
foetus,magnitude,low_pass,9,constant,-1,./results/edge/foetus/low_pass/magnitude/9-constant-IVIUDCIb.png
foetus,direction,low_pass,9,constant,-1,./results/edge/foetus/low_pass/direction/9-constant-kJiUvTYx.png
foetus,combined,low_pass,9,constant,-1,./results/edge/foetus/low_pass/combined/9-constant-JGCOAaCg.png
foetus,magnitude,low_pass,11,constant,-1,./results/edge/foetus/low_pass/magnitude/11-constant-pPfEdfpP.png
foetus,direction,low_pass,11,constant,-1,./results/edge/foetus/low_pass/direction/11-constant-NWRWEjxP.png
foetus,combined,low_pass,11,constant,-1,./results/edge/foetus/low_pass/combined/11-constant-yrHPdOKA.png
foetus,magnitude,low_pass,13,constant,-1,./results/edge/foetus/low_pass/magnitude/13-constant-VXFeyqwB.png
foetus,direction,low_pass,13,constant,-1,./results/edge/foetus/low_pass/direction/13-constant-SWbTxUJz.png
foetus,combined,low_pass,13,constant,-1,./results/edge/foetus/low_pass/combined/13-constant-KxexEwDT.png
foetus,magnitude,low_pass,15,constant,-1,./results/edge/foetus/low_pass/magnitude/15-constant-TpSJIWZQ.png
foetus,direction,low_pass,15,constant,-1,./results/edge/foetus/low_pass/direction/15-constant-ahqAlktQ.png
foetus,combined,low_pass,15,constant,-1,./results/edge/foetus/low_pass/combined/15-constant-JerjcJLn.png
foetus,magnitude,geometric_mean,3,constant,-1,./results/edge/foetus/geometric_mean/magnitude/3-constant-qluBanKA.png
foetus,direction,geometric_mean,3,constant,-1,./results/edge/foetus/geometric_mean/direction/3-constant-mdbVEspt.png
foetus,combined,geometric_mean,3,constant,-1,./results/edge/foetus/geometric_mean/combined/3-constant-UltFrvLn.png
foetus,magnitude,geometric_mean,5,constant,-1,./results/edge/foetus/geometric_mean/magnitude/5-constant-HXDKLQLZ.png
foetus,direction,geometric_mean,5,constant,-1,./results/edge/foetus/geometric_mean/direction/5-constant-EpeDlfDI.png
foetus,combined,geometric_mean,5,constant,-1,./results/edge/foetus/geometric_mean/combined/5-constant-oazluxHg.png
foetus,magnitude,geometric_mean,7,constant,-1,./results/edge/foetus/geometric_mean/magnitude/7-constant-PQghBAkW.png
foetus,direction,geometric_mean,7,constant,-1,./results/edge/foetus/geometric_mean/direction/7-constant-cWIiZgaE.png
foetus,combined,geometric_mean,7,constant,-1,./results/edge/foetus/geometric_mean/combined/7-constant-JUvNeFOu.png
foetus,magnitude,geometric_mean,9,constant,-1,./results/edge/foetus/geometric_mean/magnitude/9-constant-ERkvBCSv.png
foetus,direction,geometric_mean,9,constant,-1,./results/edge/foetus/geometric_mean/direction/9-constant-AANxVxgx.png
foetus,combined,geometric_mean,9,constant,-1,./results/edge/foetus/geometric_mean/combined/9-constant-mQNeuQNn.png
foetus,magnitude,geometric_mean,11,constant,-1,./results/edge/foetus/geometric_mean/magnitude/11-constant-dfLlzcUh.png
foetus,direction,geometric_mean,11,constant,-1,./results/edge/foetus/geometric_mean/direction/11-constant-egJFWiey.png
foetus,combined,geometric_mean,11,constant,-1,./results/edge/foetus/geometric_mean/combined/11-constant-ExWGaBwh.png
foetus,magnitude,geometric_mean,13,constant,-1,./results/edge/foetus/geometric_mean/magnitude/13-constant-apRqheLz.png
foetus,direction,geometric_mean,13,constant,-1,./results/edge/foetus/geometric_mean/direction/13-constant-DahPFvbL.png
foetus,combined,geometric_mean,13,constant,-1,./results/edge/foetus/geometric_mean/combined/13-constant-TJuCueLp.png
foetus,magnitude,geometric_mean,15,constant,-1,./results/edge/foetus/geometric_mean/magnitude/15-constant-KdNfddYu.png
foetus,direction,geometric_mean,15,constant,-1,./results/edge/foetus/geometric_mean/direction/15-constant-AEohlAhN.png
foetus,combined,geometric_mean,15,constant,-1,./results/edge/foetus/geometric_mean/combined/15-constant-ZhNYTHdu.png
foetus,magnitude,harmonic_mean,3,constant,-1,./results/edge/foetus/harmonic_mean/magnitude/3-constant-RFxMfNye.png
foetus,direction,harmonic_mean,3,constant,-1,./results/edge/foetus/harmonic_mean/direction/3-constant-LZlZLNQz.png
foetus,combined,harmonic_mean,3,constant,-1,./results/edge/foetus/harmonic_mean/combined/3-constant-vgmDywOn.png
foetus,magnitude,harmonic_mean,5,constant,-1,./results/edge/foetus/harmonic_mean/magnitude/5-constant-dUMeisLv.png
foetus,direction,harmonic_mean,5,constant,-1,./results/edge/foetus/harmonic_mean/direction/5-constant-xEGskazx.png
foetus,combined,harmonic_mean,5,constant,-1,./results/edge/foetus/harmonic_mean/combined/5-constant-hFUxOWas.png
foetus,magnitude,harmonic_mean,7,constant,-1,./results/edge/foetus/harmonic_mean/magnitude/7-constant-wvJlLgCS.png
foetus,direction,harmonic_mean,7,constant,-1,./results/edge/foetus/harmonic_mean/direction/7-constant-IZEciFdu.png
foetus,combined,harmonic_mean,7,constant,-1,./results/edge/foetus/harmonic_mean/combined/7-constant-NBFZPaBZ.png
foetus,magnitude,harmonic_mean,9,constant,-1,./results/edge/foetus/harmonic_mean/magnitude/9-constant-hRlaLrrI.png
foetus,direction,harmonic_mean,9,constant,-1,./results/edge/foetus/harmonic_mean/direction/9-constant-QaEdNaxn.png
foetus,combined,harmonic_mean,9,constant,-1,./results/edge/foetus/harmonic_mean/combined/9-constant-kzAEater.png
foetus,magnitude,harmonic_mean,11,constant,-1,./results/edge/foetus/harmonic_mean/magnitude/11-constant-nzaQDCyY.png
foetus,direction,harmonic_mean,11,constant,-1,./results/edge/foetus/harmonic_mean/direction/11-constant-dQKobwvN.png
foetus,combined,harmonic_mean,11,constant,-1,./results/edge/foetus/harmonic_mean/combined/11-constant-oOTwFCEk.png
foetus,magnitude,harmonic_mean,13,constant,-1,./results/edge/foetus/harmonic_mean/magnitude/13-constant-ifcyhTnC.png
foetus,direction,harmonic_mean,13,constant,-1,./results/edge/foetus/harmonic_mean/direction/13-constant-LfNXCMMm.png
foetus,combined,harmonic_mean,13,constant,-1,./results/edge/foetus/harmonic_mean/combined/13-constant-ddBmugfC.png
foetus,magnitude,harmonic_mean,15,constant,-1,./results/edge/foetus/harmonic_mean/magnitude/15-constant-tEAOHqFw.png
foetus,direction,harmonic_mean,15,constant,-1,./results/edge/foetus/harmonic_mean/direction/15-constant-dKAjkaMs.png
foetus,combined,harmonic_mean,15,constant,-1,./results/edge/foetus/harmonic_mean/combined/15-constant-GoNYTzBs.png
foetus,magnitude,contra_harmonic_mean,3,constant,-1,./results/edge/foetus/contra_harmonic_mean/magnitude/3-constant-yFouCYKm.png
foetus,direction,contra_harmonic_mean,3,constant,-1,./results/edge/foetus/contra_harmonic_mean/direction/3-constant-JvWGHMMn.png
foetus,combined,contra_harmonic_mean,3,constant,-1,./results/edge/foetus/contra_harmonic_mean/combined/3-constant-ojXgaDZW.png
foetus,magnitude,contra_harmonic_mean,5,constant,-1,./results/edge/foetus/contra_harmonic_mean/magnitude/5-constant-eKTfHgAn.png
foetus,direction,contra_harmonic_mean,5,constant,-1,./results/edge/foetus/contra_harmonic_mean/direction/5-constant-ZDLZrrOn.png
foetus,combined,contra_harmonic_mean,5,constant,-1,./results/edge/foetus/contra_harmonic_mean/combined/5-constant-rsPGXpTm.png
foetus,magnitude,contra_harmonic_mean,7,constant,-1,./results/edge/foetus/contra_harmonic_mean/magnitude/7-constant-zYybZPWl.png
foetus,direction,contra_harmonic_mean,7,constant,-1,./results/edge/foetus/contra_harmonic_mean/direction/7-constant-UMyGfaWf.png
foetus,combined,contra_harmonic_mean,7,constant,-1,./results/edge/foetus/contra_harmonic_mean/combined/7-constant-uucUajPm.png
foetus,magnitude,contra_harmonic_mean,9,constant,-1,./results/edge/foetus/contra_harmonic_mean/magnitude/9-constant-BxfhKIQt.png
foetus,direction,contra_harmonic_mean,9,constant,-1,./results/edge/foetus/contra_harmonic_mean/direction/9-constant-Sgbtddwq.png
foetus,combined,contra_harmonic_mean,9,constant,-1,./results/edge/foetus/contra_harmonic_mean/combined/9-constant-LcijcmfQ.png
foetus,magnitude,contra_harmonic_mean,11,constant,-1,./results/edge/foetus/contra_harmonic_mean/magnitude/11-constant-XpWMCybq.png
foetus,direction,contra_harmonic_mean,11,constant,-1,./results/edge/foetus/contra_harmonic_mean/direction/11-constant-TJPSnegC.png
foetus,combined,contra_harmonic_mean,11,constant,-1,./results/edge/foetus/contra_harmonic_mean/combined/11-constant-CUWxSxzd.png
foetus,magnitude,contra_harmonic_mean,13,constant,-1,./results/edge/foetus/contra_harmonic_mean/magnitude/13-constant-wSVpruYg.png
foetus,direction,contra_harmonic_mean,13,constant,-1,./results/edge/foetus/contra_harmonic_mean/direction/13-constant-Axholheq.png
foetus,combined,contra_harmonic_mean,13,constant,-1,./results/edge/foetus/contra_harmonic_mean/combined/13-constant-yJVIHiUl.png
foetus,magnitude,contra_harmonic_mean,15,constant,-1,./results/edge/foetus/contra_harmonic_mean/magnitude/15-constant-BYeckQkP.png
foetus,direction,contra_harmonic_mean,15,constant,-1,./results/edge/foetus/contra_harmonic_mean/direction/15-constant-ZtLcyxxe.png
foetus,combined,contra_harmonic_mean,15,constant,-1,./results/edge/foetus/contra_harmonic_mean/combined/15-constant-yWOBKrgg.png
foetus,magnitude,median,3,constant,-1,./results/edge/foetus/median/magnitude/3-constant-RCMuifhj.png
foetus,direction,median,3,constant,-1,./results/edge/foetus/median/direction/3-constant-OjHNsaSm.png
foetus,combined,median,3,constant,-1,./results/edge/foetus/median/combined/3-constant-FQqiYsEF.png
foetus,magnitude,median,5,constant,-1,./results/edge/foetus/median/magnitude/5-constant-mKklsbhb.png
foetus,direction,median,5,constant,-1,./results/edge/foetus/median/direction/5-constant-otUBOyge.png
foetus,combined,median,5,constant,-1,./results/edge/foetus/median/combined/5-constant-GqDEzzoC.png
foetus,magnitude,median,7,constant,-1,./results/edge/foetus/median/magnitude/7-constant-fJtGFHmR.png
foetus,direction,median,7,constant,-1,./results/edge/foetus/median/direction/7-constant-IztaLwDK.png
foetus,combined,median,7,constant,-1,./results/edge/foetus/median/combined/7-constant-kfeFPqYD.png
foetus,magnitude,median,9,constant,-1,./results/edge/foetus/median/magnitude/9-constant-dvpulyDQ.png
foetus,direction,median,9,constant,-1,./results/edge/foetus/median/direction/9-constant-tmfzVFEa.png
foetus,combined,median,9,constant,-1,./results/edge/foetus/median/combined/9-constant-MVSMXuvu.png
foetus,magnitude,median,11,constant,-1,./results/edge/foetus/median/magnitude/11-constant-ULuCmxUf.png
foetus,direction,median,11,constant,-1,./results/edge/foetus/median/direction/11-constant-mFJqOVfG.png
foetus,combined,median,11,constant,-1,./results/edge/foetus/median/combined/11-constant-STooRpkk.png
foetus,magnitude,median,13,constant,-1,./results/edge/foetus/median/magnitude/13-constant-PVaZRZNG.png
foetus,direction,median,13,constant,-1,./results/edge/foetus/median/direction/13-constant-KTsWBBWs.png
foetus,combined,median,13,constant,-1,./results/edge/foetus/median/combined/13-constant-ijkzBuLi.png
foetus,magnitude,median,15,constant,-1,./results/edge/foetus/median/magnitude/15-constant-EAVZpXLW.png
foetus,direction,median,15,constant,-1,./results/edge/foetus/median/direction/15-constant-JVPyydHo.png
foetus,combined,median,15,constant,-1,./results/edge/foetus/median/combined/15-constant-SkhCcxnr.png
foetus,magnitude,adaptive_weighted_median,3,constant,-1,./results/edge/foetus/adaptive_weighted_median/magnitude/3-constant-QfmBIToo.png
foetus,direction,adaptive_weighted_median,3,constant,-1,./results/edge/foetus/adaptive_weighted_median/direction/3-constant-AmewxwSm.png
foetus,combined,adaptive_weighted_median,3,constant,-1,./results/edge/foetus/adaptive_weighted_median/combined/3-constant-YlBYPkwC.png
foetus,magnitude,adaptive_weighted_median,5,constant,-1,./results/edge/foetus/adaptive_weighted_median/magnitude/5-constant-caHvzQsI.png
foetus,direction,adaptive_weighted_median,5,constant,-1,./results/edge/foetus/adaptive_weighted_median/direction/5-constant-HoKWQfNp.png
foetus,combined,adaptive_weighted_median,5,constant,-1,./results/edge/foetus/adaptive_weighted_median/combined/5-constant-GcAQmQFu.png
foetus,magnitude,adaptive_weighted_median,7,constant,-1,./results/edge/foetus/adaptive_weighted_median/magnitude/7-constant-VMVhlCub.png
foetus,direction,adaptive_weighted_median,7,constant,-1,./results/edge/foetus/adaptive_weighted_median/direction/7-constant-SlSurBrS.png
foetus,combined,adaptive_weighted_median,7,constant,-1,./results/edge/foetus/adaptive_weighted_median/combined/7-constant-ADTEyUSQ.png
foetus,magnitude,adaptive_weighted_median,9,constant,-1,./results/edge/foetus/adaptive_weighted_median/magnitude/9-constant-YtqzpYNq.png
foetus,direction,adaptive_weighted_median,9,constant,-1,./results/edge/foetus/adaptive_weighted_median/direction/9-constant-xEAQzpnG.png
foetus,combined,adaptive_weighted_median,9,constant,-1,./results/edge/foetus/adaptive_weighted_median/combined/9-constant-cAwGsvLH.png
foetus,magnitude,adaptive_weighted_median,11,constant,-1,./results/edge/foetus/adaptive_weighted_median/magnitude/11-constant-XVwzJSWP.png
foetus,direction,adaptive_weighted_median,11,constant,-1,./results/edge/foetus/adaptive_weighted_median/direction/11-constant-MRpnSiCS.png
foetus,combined,adaptive_weighted_median,11,constant,-1,./results/edge/foetus/adaptive_weighted_median/combined/11-constant-CXqepFzy.png
foetus,magnitude,adaptive_weighted_median,13,constant,-1,./results/edge/foetus/adaptive_weighted_median/magnitude/13-constant-owLEDRlw.png
foetus,direction,adaptive_weighted_median,13,constant,-1,./results/edge/foetus/adaptive_weighted_median/direction/13-constant-LxFtXmxw.png
foetus,combined,adaptive_weighted_median,13,constant,-1,./results/edge/foetus/adaptive_weighted_median/combined/13-constant-AgJGZEfY.png
foetus,magnitude,adaptive_weighted_median,15,constant,-1,./results/edge/foetus/adaptive_weighted_median/magnitude/15-constant-OJwDscLC.png
foetus,direction,adaptive_weighted_median,15,constant,-1,./results/edge/foetus/adaptive_weighted_median/direction/15-constant-FpIyPbdw.png
foetus,combined,adaptive_weighted_median,15,constant,-1,./results/edge/foetus/adaptive_weighted_median/combined/15-constant-uMKLLIQT.png
foetus,magnitude,truncated_median,3,constant,-1,./results/edge/foetus/truncated_median/magnitude/3-constant-xvdneXoZ.png
foetus,direction,truncated_median,3,constant,-1,./results/edge/foetus/truncated_median/direction/3-constant-jKDIztgX.png
foetus,combined,truncated_median,3,constant,-1,./results/edge/foetus/truncated_median/combined/3-constant-gXlTBPFT.png
foetus,magnitude,truncated_median,5,constant,-1,./results/edge/foetus/truncated_median/magnitude/5-constant-cXgAFQFk.png
foetus,direction,truncated_median,5,constant,-1,./results/edge/foetus/truncated_median/direction/5-constant-huLIwyGf.png
foetus,combined,truncated_median,5,constant,-1,./results/edge/foetus/truncated_median/combined/5-constant-Uguvxmny.png
foetus,magnitude,truncated_median,7,constant,-1,./results/edge/foetus/truncated_median/magnitude/7-constant-ncXiiawK.png
foetus,direction,truncated_median,7,constant,-1,./results/edge/foetus/truncated_median/direction/7-constant-GPeDfJKK.png
foetus,combined,truncated_median,7,constant,-1,./results/edge/foetus/truncated_median/combined/7-constant-LRPTYJmF.png
foetus,magnitude,truncated_median,9,constant,-1,./results/edge/foetus/truncated_median/magnitude/9-constant-RmwVFGeH.png
foetus,direction,truncated_median,9,constant,-1,./results/edge/foetus/truncated_median/direction/9-constant-OneHXrpV.png
foetus,combined,truncated_median,9,constant,-1,./results/edge/foetus/truncated_median/combined/9-constant-prJyZEWD.png
foetus,magnitude,truncated_median,11,constant,-1,./results/edge/foetus/truncated_median/magnitude/11-constant-ABJCLofT.png
foetus,direction,truncated_median,11,constant,-1,./results/edge/foetus/truncated_median/direction/11-constant-zGgMsCjd.png
foetus,combined,truncated_median,11,constant,-1,./results/edge/foetus/truncated_median/combined/11-constant-zIvItMsr.png
foetus,magnitude,truncated_median,13,constant,-1,./results/edge/foetus/truncated_median/magnitude/13-constant-GHiceLKz.png
foetus,direction,truncated_median,13,constant,-1,./results/edge/foetus/truncated_median/direction/13-constant-fGNJVyEC.png
foetus,combined,truncated_median,13,constant,-1,./results/edge/foetus/truncated_median/combined/13-constant-NryuISwN.png
foetus,magnitude,truncated_median,15,constant,-1,./results/edge/foetus/truncated_median/magnitude/15-constant-xNmalAWh.png
foetus,direction,truncated_median,15,constant,-1,./results/edge/foetus/truncated_median/direction/15-constant-wKQStyTn.png
foetus,combined,truncated_median,15,constant,-1,./results/edge/foetus/truncated_median/combined/15-constant-SWXqZHNM.png
foetus,magnitude,max,3,constant,-1,./results/edge/foetus/max/magnitude/3-constant-NnAiwRSP.png
foetus,direction,max,3,constant,-1,./results/edge/foetus/max/direction/3-constant-nuCSVVeW.png
foetus,combined,max,3,constant,-1,./results/edge/foetus/max/combined/3-constant-gjvgnuIK.png
foetus,magnitude,max,5,constant,-1,./results/edge/foetus/max/magnitude/5-constant-KNmYcxlg.png
foetus,direction,max,5,constant,-1,./results/edge/foetus/max/direction/5-constant-hTYcsXEU.png
foetus,combined,max,5,constant,-1,./results/edge/foetus/max/combined/5-constant-AYTRNNTo.png
foetus,magnitude,max,7,constant,-1,./results/edge/foetus/max/magnitude/7-constant-yGPxrZfj.png
foetus,direction,max,7,constant,-1,./results/edge/foetus/max/direction/7-constant-bHroafRT.png
foetus,combined,max,7,constant,-1,./results/edge/foetus/max/combined/7-constant-wNSxUaZx.png
foetus,magnitude,max,9,constant,-1,./results/edge/foetus/max/magnitude/9-constant-ojpDwiTR.png
foetus,direction,max,9,constant,-1,./results/edge/foetus/max/direction/9-constant-GIHGtnzw.png
foetus,combined,max,9,constant,-1,./results/edge/foetus/max/combined/9-constant-mCGYJtdS.png
foetus,magnitude,max,11,constant,-1,./results/edge/foetus/max/magnitude/11-constant-cULVlzRw.png
foetus,direction,max,11,constant,-1,./results/edge/foetus/max/direction/11-constant-xGBSPhXk.png
foetus,combined,max,11,constant,-1,./results/edge/foetus/max/combined/11-constant-GxrGFBto.png
foetus,magnitude,max,13,constant,-1,./results/edge/foetus/max/magnitude/13-constant-qFGJQnpt.png
foetus,direction,max,13,constant,-1,./results/edge/foetus/max/direction/13-constant-tjzrUlIg.png
foetus,combined,max,13,constant,-1,./results/edge/foetus/max/combined/13-constant-IdymRBkw.png
foetus,magnitude,max,15,constant,-1,./results/edge/foetus/max/magnitude/15-constant-EjvwswHW.png
foetus,direction,max,15,constant,-1,./results/edge/foetus/max/direction/15-constant-awTKuuUr.png
foetus,combined,max,15,constant,-1,./results/edge/foetus/max/combined/15-constant-iwaVZJpT.png
foetus,magnitude,min,3,constant,-1,./results/edge/foetus/min/magnitude/3-constant-LJjPoloM.png
foetus,direction,min,3,constant,-1,./results/edge/foetus/min/direction/3-constant-ujYdQMtc.png
foetus,combined,min,3,constant,-1,./results/edge/foetus/min/combined/3-constant-xXQQvtRc.png
foetus,magnitude,min,5,constant,-1,./results/edge/foetus/min/magnitude/5-constant-qLngyPEJ.png
foetus,direction,min,5,constant,-1,./results/edge/foetus/min/direction/5-constant-GNMiRnOR.png
foetus,combined,min,5,constant,-1,./results/edge/foetus/min/combined/5-constant-pVqMkuZi.png
foetus,magnitude,min,7,constant,-1,./results/edge/foetus/min/magnitude/7-constant-GIdxsQzV.png
foetus,direction,min,7,constant,-1,./results/edge/foetus/min/direction/7-constant-axVFtNOg.png
foetus,combined,min,7,constant,-1,./results/edge/foetus/min/combined/7-constant-HmbESLCL.png
foetus,magnitude,min,9,constant,-1,./results/edge/foetus/min/magnitude/9-constant-HwQcyVbR.png
foetus,direction,min,9,constant,-1,./results/edge/foetus/min/direction/9-constant-MgUXBQsA.png
foetus,combined,min,9,constant,-1,./results/edge/foetus/min/combined/9-constant-VFEjknhc.png
foetus,magnitude,min,11,constant,-1,./results/edge/foetus/min/magnitude/11-constant-HEtjTKhi.png
foetus,direction,min,11,constant,-1,./results/edge/foetus/min/direction/11-constant-YYShlZZg.png
foetus,combined,min,11,constant,-1,./results/edge/foetus/min/combined/11-constant-XBylxRvg.png
foetus,magnitude,min,13,constant,-1,./results/edge/foetus/min/magnitude/13-constant-bdgZYcMN.png
foetus,direction,min,13,constant,-1,./results/edge/foetus/min/direction/13-constant-BLJdFETF.png
foetus,combined,min,13,constant,-1,./results/edge/foetus/min/combined/13-constant-RAKGEJls.png
foetus,magnitude,min,15,constant,-1,./results/edge/foetus/min/magnitude/15-constant-thOExuTd.png
foetus,direction,min,15,constant,-1,./results/edge/foetus/min/direction/15-constant-OVGtCNBp.png
foetus,combined,min,15,constant,-1,./results/edge/foetus/min/combined/15-constant-tSHhkYyF.png
foetus,magnitude,midpoint,3,constant,-1,./results/edge/foetus/midpoint/magnitude/3-constant-NsnnAsPb.png
foetus,direction,midpoint,3,constant,-1,./results/edge/foetus/midpoint/direction/3-constant-IOgCSPjB.png
foetus,combined,midpoint,3,constant,-1,./results/edge/foetus/midpoint/combined/3-constant-DsHnKyAH.png
foetus,magnitude,midpoint,5,constant,-1,./results/edge/foetus/midpoint/magnitude/5-constant-cWifKdnO.png
foetus,direction,midpoint,5,constant,-1,./results/edge/foetus/midpoint/direction/5-constant-FokAuyvu.png
foetus,combined,midpoint,5,constant,-1,./results/edge/foetus/midpoint/combined/5-constant-VbKJyCLY.png
foetus,magnitude,midpoint,7,constant,-1,./results/edge/foetus/midpoint/magnitude/7-constant-ptGgrzAQ.png
foetus,direction,midpoint,7,constant,-1,./results/edge/foetus/midpoint/direction/7-constant-MrhsPNDw.png
foetus,combined,midpoint,7,constant,-1,./results/edge/foetus/midpoint/combined/7-constant-nWYjZbTp.png
foetus,magnitude,midpoint,9,constant,-1,./results/edge/foetus/midpoint/magnitude/9-constant-UlsRVrFv.png
foetus,direction,midpoint,9,constant,-1,./results/edge/foetus/midpoint/direction/9-constant-AtsDZENE.png
foetus,combined,midpoint,9,constant,-1,./results/edge/foetus/midpoint/combined/9-constant-SbCTGcnu.png
foetus,magnitude,midpoint,11,constant,-1,./results/edge/foetus/midpoint/magnitude/11-constant-jvXDeBlw.png
foetus,direction,midpoint,11,constant,-1,./results/edge/foetus/midpoint/direction/11-constant-NjJsJePA.png
foetus,combined,midpoint,11,constant,-1,./results/edge/foetus/midpoint/combined/11-constant-YmKSZPji.png
foetus,magnitude,midpoint,13,constant,-1,./results/edge/foetus/midpoint/magnitude/13-constant-WFeXCtEK.png
foetus,direction,midpoint,13,constant,-1,./results/edge/foetus/midpoint/direction/13-constant-CBqPMXaQ.png
foetus,combined,midpoint,13,constant,-1,./results/edge/foetus/midpoint/combined/13-constant-TGiHExac.png
foetus,magnitude,midpoint,15,constant,-1,./results/edge/foetus/midpoint/magnitude/15-constant-HFtHTKeJ.png
foetus,direction,midpoint,15,constant,-1,./results/edge/foetus/midpoint/direction/15-constant-MIBWpiTz.png
foetus,combined,midpoint,15,constant,-1,./results/edge/foetus/midpoint/combined/15-constant-XjtLxHOA.png
foetus,magnitude,alpha_trimmed_mean,3,constant,-1,./results/edge/foetus/alpha_trimmed_mean/magnitude/3-constant-ywQrJAMQ.png
foetus,direction,alpha_trimmed_mean,3,constant,-1,./results/edge/foetus/alpha_trimmed_mean/direction/3-constant-lPabTpnV.png
foetus,combined,alpha_trimmed_mean,3,constant,-1,./results/edge/foetus/alpha_trimmed_mean/combined/3-constant-SkegCiNq.png
foetus,magnitude,alpha_trimmed_mean,5,constant,-1,./results/edge/foetus/alpha_trimmed_mean/magnitude/5-constant-bPTGheWL.png
foetus,direction,alpha_trimmed_mean,5,constant,-1,./results/edge/foetus/alpha_trimmed_mean/direction/5-constant-hawTPtBc.png
foetus,combined,alpha_trimmed_mean,5,constant,-1,./results/edge/foetus/alpha_trimmed_mean/combined/5-constant-ddGbvtLB.png
foetus,magnitude,alpha_trimmed_mean,7,constant,-1,./results/edge/foetus/alpha_trimmed_mean/magnitude/7-constant-YfDaeggv.png
foetus,direction,alpha_trimmed_mean,7,constant,-1,./results/edge/foetus/alpha_trimmed_mean/direction/7-constant-QwkgyNDJ.png
foetus,combined,alpha_trimmed_mean,7,constant,-1,./results/edge/foetus/alpha_trimmed_mean/combined/7-constant-vaJuZACw.png
foetus,magnitude,alpha_trimmed_mean,9,constant,-1,./results/edge/foetus/alpha_trimmed_mean/magnitude/9-constant-XxtlYtde.png
foetus,direction,alpha_trimmed_mean,9,constant,-1,./results/edge/foetus/alpha_trimmed_mean/direction/9-constant-clkxeanq.png
foetus,combined,alpha_trimmed_mean,9,constant,-1,./results/edge/foetus/alpha_trimmed_mean/combined/9-constant-FyZEMBFf.png
foetus,magnitude,alpha_trimmed_mean,11,constant,-1,./results/edge/foetus/alpha_trimmed_mean/magnitude/11-constant-SxfaOlmW.png
foetus,direction,alpha_trimmed_mean,11,constant,-1,./results/edge/foetus/alpha_trimmed_mean/direction/11-constant-zdNruNVs.png
foetus,combined,alpha_trimmed_mean,11,constant,-1,./results/edge/foetus/alpha_trimmed_mean/combined/11-constant-hJVZomYg.png
foetus,magnitude,alpha_trimmed_mean,13,constant,-1,./results/edge/foetus/alpha_trimmed_mean/magnitude/13-constant-rBUCLLHK.png
foetus,direction,alpha_trimmed_mean,13,constant,-1,./results/edge/foetus/alpha_trimmed_mean/direction/13-constant-KDHzmtGX.png
foetus,combined,alpha_trimmed_mean,13,constant,-1,./results/edge/foetus/alpha_trimmed_mean/combined/13-constant-NOuKgdqA.png
foetus,magnitude,alpha_trimmed_mean,15,constant,-1,./results/edge/foetus/alpha_trimmed_mean/magnitude/15-constant-FbBrMuDN.png
foetus,direction,alpha_trimmed_mean,15,constant,-1,./results/edge/foetus/alpha_trimmed_mean/direction/15-constant-mIiiHUWI.png
foetus,combined,alpha_trimmed_mean,15,constant,-1,./results/edge/foetus/alpha_trimmed_mean/combined/15-constant-SSBwHgPH.png
